{
  "architecture": "cnn",
  "augmentation": true,
  "test_loss": 0.2780759334564209,
  "test_accuracy": 0.9049999713897705,
  "confusion_matrix": [
    [
      880,
      0,
      27,
      16,
      3,
      5,
      62,
      0,
      7,
      0
    ],
    [
      2,
      960,
      2,
      32,
      1,
      0,
      2,
      0,
      0,
      1
    ],
    [
      14,
      0,
      902,
      15,
      25,
      0,
      43,
      0,
      1,
      0
    ],
    [
      13,
      0,
      7,
      945,
      16,
      0,
      15,
      0,
      4,
      0
    ],
    [
      0,
      0,
      109,
      40,
      778,
      0,
      68,
      0,
      5,
      0
    ],
    [
      0,
      0,
      0,
      0,
      0,
      968,
      0,
      19,
      0,
      13
    ],
    [
      132,
      0,
      80,
      29,
      36,
      0,
      713,
      0,
      10,
      0
    ],
    [
      0,
      0,
      0,
      0,
      0,
      9,
      0,
      967,
      0,
      24
    ],
    [
      2,
      1,
      1,
      5,
      0,
      2,
      3,
      4,
      981,
      1
    ],
    [
      0,
      0,
      0,
      0,
      0,
      5,
      1,
      38,
      0,
      956
    ]
  ]
}